date,open,high,close,low,volume
2018-10-16,57.8378,69.4033,69.4033,57.8378,419948
2018-10-17,76.3466,76.3466,76.3466,76.3466,186547
2018-10-18,83.9813,83.9813,79.9714,72.475,55718541
2018-10-19,78.5195,87.9715,87.9715,78.4207,35319206
2018-10-22,92.8407,96.7716,96.7716,90.8752,17685766
2018-10-23,100.742,104.495,93.532,93.5024,32962614
2018-10-24,94.2135,99.2605,95.8531,94.0259,24149984
2018-10-25,91.9715,100.12,98.3519,91.9715,19315338
2018-10-26,98.5691,101.73,96.0012,91.369,18272124
2018-10-29,95.3098,97.1469,96.3173,92.8505,10286018
2018-10-30,95.3098,98.6679,96.1494,91.5666,14005735
2018-10-31,96.5938,100.683,97.779,96.5938,13522723
2018-11-01,99.7346,104.298,101.068,97.8778,15664145
2018-11-02,104.979,106.056,104.1,101.404,16217663
2018-11-05,103.586,105.256,101.157,98.2235,13349537
2018-11-06,99.458,111.271,111.271,98.6185,13529740
2018-11-07,111.261,112.278,108.643,107.359,11559522
2018-11-08,110.619,111.596,107.932,106.461,9042712
2018-11-09,106.174,112.396,109.414,105.68,8703255
2018-11-12,108.564,111.379,110.629,107.824,7992319
2018-11-13,108.643,115.557,108.703,107.191,13639629
2018-11-14,106.698,112.199,110.48,106.678,8502181
2018-11-15,109.493,111.389,110.619,107.853,6730872
2018-11-16,110.668,112.594,109.285,108.308,6909166
2018-11-19,107.666,111.458,108.791,107.261,6928135
2018-11-20,107.458,109.601,105.68,105.68,5462485
2018-11-21,104.693,111.636,110.322,104.347,9062260
2018-11-22,109.977,110.954,110.135,108.762,5197260
2018-11-23,110.421,112.199,106.964,106.668,5950853
2018-11-26,107.754,109.917,108.238,106.964,4179317
2018-11-27,109.295,109.631,105.246,103.211,8021725
2018-11-28,104.495,108.643,108.258,103.903,5516545
2018-11-29,109.631,110.589,107.488,107.458,4884839
2018-11-30,107.458,111.211,111.113,107.162,4134650
2018-12-03,114.076,122.135,118.026,111.942,9309546
2018-12-04,117.335,119.379,117.592,116.15,4519096
2018-12-05,115.557,121.592,119.192,115.221,5374878
2018-12-06,118.411,119.616,113.908,112.594,8233814
2018-12-07,114.451,114.816,112.732,111.31,5067642
2018-12-10,111.488,114.569,113.7,111.488,2984338
2018-12-11,114.224,114.866,111.962,111.113,4050229
2018-12-12,112.396,113.226,112.525,111.715,2752862
2018-12-13,112.495,114.826,114.767,112.15,2926751
2018-12-14,114.668,114.836,106.48,106.48,7269624
2018-12-17,104.811,105.68,104.92,100.693,4950579
2018-12-18,102.826,105.187,104.1,102.401,3132499
2018-12-19,104.456,104.969,97.0185,96.5642,7661781
2018-12-20,96.7913,100.149,99.4185,96.6926,4779757
2018-12-21,98.5395,99.2901,98.0951,97.295,3028352
2018-12-24,98.2333,103.409,102.026,98.2333,3656491
2018-12-25,101.137,105.67,104.683,100.742,4404731
2018-12-26,104.683,108.209,105.977,103.991,3533381
2018-12-27,107.359,108.001,106.184,105.503,4131329
2018-12-28,106.174,108.278,107.873,104.989,3253053
2019-01-02,105.137,105.483,102.5,98.3222,5898761
2019-01-03,102.026,103.705,100.07,98.7272,3845852
2019-01-04,99.3395,101.582,100.327,98.2531,4276913
2019-01-07,99.8136,102.698,100.475,99.4482,4345843
2019-01-08,99.863,100.732,98.2728,96.5741,5213478
2019-01-09,98.658,103.991,101.71,98.3222,5818461
2019-01-10,103.014,103.883,102.046,101.019,4136218
2019-01-11,101.631,103.705,103.616,101.137,2072275
2019-01-14,103.507,103.507,102.816,101.414,1950428
2019-01-15,102.599,105.187,103.685,102.214,2113841
2019-01-16,103.369,105.078,104.386,102.53,2031040
2019-01-17,104.189,105.137,104.446,103.616,1658208
2019-01-18,104.09,108.347,108.15,104.09,3279080
2019-01-21,109.433,113.434,109.74,108.999,4207973
2019-01-22,110.224,110.994,107.152,106.184,2358542
2019-01-23,107.142,109.117,108.91,106.866,1460294
2019-01-24,108.248,108.841,106.668,105.463,2424214
2019-01-25,106.668,108.08,105.611,105.532,3073749
2019-01-28,106.066,106.846,104.999,104.791,1611291
2019-01-29,105.157,105.157,102.698,101.246,3294995
2019-01-30,102.52,105.631,104.821,101.779,2587858
2019-01-31,106.115,107.438,105.414,103.656,3138730
2019-02-01,105.987,109.829,109.591,105.532,3068125
2019-02-11,109.72,111.379,110.619,108.357,3598550
2019-02-12,110.421,113.463,112.416,110.125,3388824
2019-02-13,111.488,112.594,112.179,110.372,3492626
2019-02-14,111.982,115.468,114.313,111.438,3857411
2019-02-15,113.789,114.224,111.754,111.31,2578186
2019-02-18,111.784,114.322,113.641,111.784,3504403
2019-02-19,114.155,118.816,114.431,114.056,4290221
2019-02-20,114.184,114.52,111.606,110.154,3798315
2019-02-21,111.596,112.337,110.816,109.947,3222334
2019-02-22,110.619,113.187,112.762,110.125,3061310
2019-02-25,113.611,121.384,121.335,113.611,6022200
2019-02-26,120.979,120.989,117.73,117.187,4974801
2019-02-27,116.94,117.829,114.303,113.621,4237863
2019-02-28,115.804,125.73,125.73,115.241,8155407
2019-03-01,127.409,129.384,126.807,123.271,5811638
2019-03-04,128.11,137.088,130.915,128.11,7148453
2019-03-05,128.199,131.972,130.965,127.607,4834055
2019-03-06,131.063,132.367,129.236,126.866,5390518
2019-03-07,127.587,127.626,125.73,123.834,6437702
2019-03-08,122.471,127.725,124.258,121.483,5019720
2019-03-11,123.794,130.866,129.058,122.471,5088250
2019-03-12,129.374,131.36,126.658,123.942,5786816
2019-03-13,126.925,129.829,125.71,124.94,4456034
2019-03-14,125.69,130.372,128.841,125.434,3953903
2019-03-15,129.582,137.167,133.631,129.582,5391508
2019-03-18,134.816,134.836,130.372,125.434,7486044
2019-03-19,130.698,133.236,129.582,128.999,3710423
2019-03-20,128.407,131.854,130.5,128.397,2772843
2019-03-21,130.273,130.372,128.604,128.17,3474266
2019-03-22,129.266,129.681,128.792,127.31,2159911
2019-03-25,126.214,126.866,125.878,125.147,3654420
2019-03-26,126.639,128.357,126.402,125.226,3082674
2019-03-27,126.915,129.187,127.024,125.71,2171878
2019-03-28,126.303,130.57,129.226,125.532,2602920
2019-03-29,129.226,132.841,132.644,129.226,3450311
2019-04-01,134.125,137.305,133.809,132.249,4805319
2019-04-02,134.115,134.323,131.883,131.37,3128776
2019-04-03,131.656,131.656,130.915,128.821,3332206
2019-04-04,130.076,132.318,130.076,128.989,2419024
2019-04-08,131.014,131.053,127.379,126.718,3688653
2019-04-09,126.5,128.891,128.545,126.5,2048966
2019-04-10,129.276,130.826,128.881,126.925,3705340
2019-04-11,128.891,129.256,127.389,126.441,2516269
2019-04-12,127.389,128.9,127.715,126.718,1683920
2019-04-15,128.229,128.861,124.041,123.834,3440734
2019-04-16,124.13,125.246,124.545,121.977,2355356
2019-04-17,124.841,127.231,126.194,124.841,1723327
2019-04-18,126.026,126.421,125.434,125.335,912730
2019-04-19,124.96,126.807,126.332,123.014,1812976
2019-04-22,126.283,127.508,126.421,124.742,1361592
2019-04-23,126.55,130.807,129.434,126.224,3417965
2019-04-24,130.076,130.945,130.263,128.397,1858387
2019-04-25,130.263,136.288,132.426,129.779,4265077
2019-04-26,131.854,136.179,134.135,131.063,3094101
2019-04-29,134.145,143.222,139.212,134.145,4673378
2019-04-30,138.767,142.224,139.103,137.384,2503719
2019-05-06,132.841,134.313,131.854,129.384,4618877
2019-05-07,133.286,138.866,134.57,133.286,3607156
2019-05-08,130.866,140.308,137.681,130.372,3615518
2019-05-09,137.177,138.757,134.431,134.184,2624782
2019-05-10,137.088,143.725,142.718,135.31,3738223
2019-05-13,140.94,148.15,145.809,140.822,2798424
2019-05-14,143.518,145.493,141.987,140.881,3069694
2019-05-15,141.829,142.422,141.434,138.412,3008139
2019-05-16,141.217,141.217,139.952,137.582,2572124
2019-05-17,139.261,142.708,137.463,136.1,2329147
2019-05-20,138.263,138.263,135.409,132.545,2312487
2019-05-21,136.397,141.552,141.019,135.34,2525745
2019-05-22,140.259,141.829,139.775,138.777,1172710
2019-05-23,139.755,139.755,138.076,137.76,964350
2019-05-24,138.323,139.903,137.967,136.575,1323740
2019-05-27,138.303,142.184,141.849,137.286,1452692
2019-05-28,141.73,145.888,145.888,140.575,2797175
2019-05-29,144.198,145.182,144.695,142.468,1088844
2019-05-30,143.293,146.376,144.884,141.761,1675314
2019-05-31,145.679,149.13,146.674,144.745,1869608
2019-06-03,147.151,151.029,150.95,146.674,2666376
2019-06-04,151.467,152.441,146.674,145.958,2731237
2019-06-05,148.185,155.783,152.74,147.668,3428853
2019-06-06,151.149,151.178,148.165,146.773,3085964
2019-06-10,148.165,152.471,150.83,148.165,1332431
2019-06-11,150.83,154.231,154.182,150.254,1996430
2019-06-12,153.137,156.618,156.121,151.994,1652548
2019-06-13,155.623,156.16,153.098,152.342,1903335
2019-06-14,153.118,153.903,151.149,150.502,1783640
2019-06-17,151.288,153.197,149.756,148.165,1935304
2019-06-18,150.552,152.799,152.441,148.673,1638778
2019-06-19,155.136,155.922,153.396,152.76,1600652
2019-06-20,153.883,157.712,156.866,152.939,2478436
2019-06-21,159.263,160.098,156.628,155.514,3798076
2019-06-24,157.065,157.652,157.443,154.311,2345532
2019-06-25,156.26,157.016,153.824,153.446,1820832
2019-06-26,153.197,157.364,157.364,152.958,1830581
2019-06-27,158.09,162.684,161.49,156.827,2119281
2019-06-28,161.54,163.579,162.286,160.277,1174895
2019-07-01,163.589,167.656,167.606,163.589,1813319
2019-07-02,168.978,174.597,173.025,167.616,3491549
2019-07-03,171.932,173.015,164.871,162.087,4104687
2019-07-04,164.662,165.816,161.679,159.114,2907231
2019-07-05,161.59,164.354,163.081,160.695,2356249
2019-07-08,162.097,163.439,162.087,159.7,2035476
2019-07-09,162.952,163.032,161.291,159.899,1056533
2019-07-10,161.998,164.474,164.334,160.635,1816871
2019-07-11,165.577,167.059,161.978,161.272,2070388
2019-07-12,161.341,163.738,158.109,157.105,2607123
2019-07-15,159.094,159.571,158.179,154.012,2571665
2019-07-16,158.179,159.044,153.565,151.735,3765963
2019-07-17,152.799,157.761,157.115,152.799,2430498
2019-07-18,157.224,159.004,156.329,155.425,1501029
2019-07-19,156.886,158.706,155.723,155.524,1292819
2019-07-22,156.27,158.119,155.962,152.511,1378273
2019-07-23,156.469,156.956,154.301,153.734,1129302
2019-07-24,155.574,159.253,158.109,153.833,1698952
2019-07-25,157.642,162.286,162.186,156.17,2606414
2019-07-26,161.093,165.279,163.479,160.536,2039408
2019-07-29,164.573,164.941,160.098,159.402,2192663
2019-07-30,159.203,163.171,161.47,159.163,1299102
2019-07-31,160.247,161.679,158.01,157.413,1412818
2019-08-01,157.234,159.959,156.896,155.365,1846157
2019-08-02,154.122,158.438,157.712,153.436,1431674
2019-08-05,156.508,157.095,152.501,148.155,3654116
2019-08-06,149.16,153.993,151.954,148.374,2193415
2019-08-07,152.799,156.349,154.997,152.173,1797286
2019-08-08,156.419,160.745,159.253,154.132,2028565
2019-08-09,160.088,163.469,159.472,158.398,2747381
2019-08-12,159.402,161.958,160.128,159.104,1264275
2019-08-13,160.128,163.26,162.097,159.581,1674684
2019-08-14,164.076,165.548,164.155,162.117,1844864
2019-08-15,162.525,165.269,164.175,162.087,1036251
2019-08-16,165.269,168.004,165.577,164.175,1459612
2019-08-19,169.386,170.808,168.352,166.711,2362484
2019-08-20,170.42,170.937,169.565,168.053,1349023
2019-08-21,169.565,170.022,167.546,165.786,2311554
2019-08-22,167.516,169.396,169.167,166.661,1382328
2019-08-23,168.63,174.716,174.418,167.556,2218763
2019-08-26,172.528,177.5,174.01,171.832,2262320
2019-08-27,175.014,182.432,181.577,175.014,2876686
2019-08-28,181.488,183.884,180.891,177.49,1949936
2019-08-29,179.986,180.374,178.077,174.398,2662289
2019-08-30,178.992,190.388,185.306,177.023,3185328
2019-09-02,184.948,190.925,188.777,184.014,1742358
2019-09-03,188.777,188.777,183.427,181.209,3059161
2019-09-04,182.452,183.735,181.836,178.892,1953311
2019-09-05,182.572,184.948,181.309,179.32,2624617
2019-09-06,181.279,182.8,182.373,178.992,1828329
2019-09-09,183.069,183.954,181.259,180.066,1817751
2019-09-10,181.866,181.955,178.892,177.262,2196828
2019-09-11,180.255,182.144,179.191,177.003,1408938
2019-09-12,179.201,179.787,179.25,177.152,1142650
2019-09-16,179.986,181.637,180.881,177.301,1573129
2019-09-17,180.483,184.461,180.951,179.569,1694187
2019-09-18,181.846,183.815,183.626,180.215,1930113
2019-09-19,184.859,185.505,183.039,181.14,1304874
2019-09-20,182.502,187.335,186.112,182.144,2412229
2019-09-23,185.863,185.863,182.333,180.543,1569395
2019-09-24,181.04,187.792,185.933,180.981,1974463
2019-09-25,185.107,190.03,188.767,184.59,1928606
2019-09-26,190.089,195.499,188.816,187.971,2388844
2019-09-27,187.902,191.8,188.777,185.296,1785729
2019-09-30,187.941,187.941,183.427,180.981,2051172
2019-10-08,180.981,189.413,182.462,179.986,2273208
2019-10-09,181.239,186.251,174.318,171.514,4018545
2019-10-10,176.904,185.475,183.994,176.009,3546440
2019-10-11,184.421,186.748,181.339,180.464,2175166
2019-10-14,181.975,185.455,179.002,178.037,3572315
2019-10-15,178.982,183.467,178.843,176.585,2873360
2019-10-16,169.048,179.986,171.166,169.048,21295045
2019-10-17,174.597,179.738,178.276,172.876,17844827
2019-10-18,179.33,181.965,175.909,175.83,7339430
2019-10-21,176.297,177.321,174.199,171.424,6549992
2019-10-22,175.342,176.406,175.024,173.125,5832718
2019-10-23,175.213,175.432,173.891,173.025,2932039
2019-10-24,174.02,174.497,170.947,168.948,4464323
2019-10-25,171.136,176.009,175.303,170.142,5575139
2019-10-28,175.014,175.999,175.213,171.047,5938603
2019-10-29,175.77,178.982,177.58,174.726,8588487
2019-10-30,179.887,180.682,178.156,177.003,8087882
2019-10-31,179.976,180.135,177.003,175.541,6209446
2019-11-01,177.977,179.22,178.793,177.202,6713357
2019-11-04,180.205,189.433,187.046,179.3,12630911
2019-11-05,188.22,192.605,191.869,186.529,7057668
2019-11-06,191.73,191.8,188.25,187.613,4924101
2019-11-07,188.936,194.216,193.908,188.25,5259908
2019-11-08,195.449,195.499,193.371,191.939,3790478
2019-11-11,193.371,194.504,188.24,187.822,4064483
2019-11-12,188.946,192.615,190.199,188.051,3936608
2019-11-13,190.209,199.128,196.493,189.483,5799068
2019-11-14,196.523,198.562,196.891,195.002,4090565
2019-11-15,196.911,198.88,192.913,192.028,4674279
2019-11-18,191.909,193.858,193.222,189.93,2650805
2019-11-19,192.416,195.181,193.928,191.73,3738091
2019-11-20,193.719,197.567,193.918,193.411,4177215
2019-11-21,193.788,193.908,188.936,188.598,4103677
2019-11-22,190.427,190.726,181.667,177.202,7754938
2019-11-25,182.124,184.759,181.478,177.55,4760355
2019-11-26,182.969,184.56,183.616,181.975,4432271
2019-11-27,183.218,183.725,181.985,178.892,3594617
2019-11-28,183.268,186.828,183.815,182.482,4245438
2019-11-29,182.472,183.815,178.693,176.307,4862951
2019-12-02,178.892,181.876,179.34,177.281,3351334
2019-12-03,178.992,179.887,179.022,172.697,5540719
2019-12-04,178.077,180.981,180.165,177.102,3456065
2019-12-05,181.279,182.323,181.279,180.195,2964141
2019-12-06,181.975,185.137,185.137,180.096,4259626
2019-12-09,184.739,185.734,180.881,177.958,6909275
2019-12-10,180.483,182.651,179.588,178.992,3349961
2019-12-11,179.509,179.509,177.45,175.81,5481003
2019-12-12,177.808,179.857,179.489,176.705,5612937
2019-12-13,180.285,186.897,184.262,179.479,8240455
2019-12-16,184.262,185.455,180.742,179.201,5997234
2019-12-17,180.752,181.637,180.732,179.489,4979304
2019-12-18,180.961,180.981,177.48,176.764,4989262
2019-12-19,178.365,178.465,178.296,177.063,1891701
2019-12-20,178.316,178.713,175.064,174.905,5234607
2019-12-23,175.322,177.639,173.572,173.294,3216058
2019-12-24,174.02,176.933,175.114,170.619,4740069
2019-12-25,174.557,175.492,174.964,173.006,2699468
2019-12-26,174.955,178.067,177.152,174.328,2834012
2019-12-27,176.406,178.296,174.497,174.398,2864144
2019-12-30,174.497,177.997,177.122,174.02,3094584
2019-12-31,178.107,180.881,180.881,177.102,3362478
2020-01-02,180.981,181.557,179.32,178.654,3679013
2020-01-03,181.07,181.07,177.003,176.774,3442870
2020-01-06,175.969,177.55,175.631,175.064,3959764
2020-01-07,176.605,179.917,179.688,175.631,3544309
2020-01-08,178.942,180.951,179.141,178.196,2886523
2020-01-09,179.24,190.149,188.797,179.24,7348336
2020-01-10,188.657,189.791,186.45,185.963,3628429
2020-01-13,186.947,187.792,187.245,183.964,3267106
2020-01-14,188.289,188.926,185.953,184.739,2793505
2020-01-15,185.953,188.538,187.385,185.535,3380073
2020-01-16,187.385,192.814,191.621,186.191,4497440
2020-01-17,191.999,193.609,191.969,188.936,3056911
2020-01-20,193.918,194.872,192.953,190.109,3851186
2020-01-21,193.391,199.079,192.287,190.925,4517045
2020-01-22,193.908,194.594,192.187,187.852,4389822
2020-01-23,193.908,193.908,186.629,184.899,4394808
2020-02-03,186.629,196.175,184.958,177.003,8848845
2020-02-04,186.818,203.235,198.87,186.181,10056318
2020-02-05,205.721,218.758,218.758,204.846,11001148
2020-02-06,228.702,228.702,220.597,216.481,14239018
2020-02-07,220.657,223.74,214.661,210.932,8663929
2020-02-10,215.785,224.734,224.167,215.785,9450734
2020-02-11,222.924,225.231,221.95,219.444,5244933
2020-02-12,221.751,227.349,226.723,219.812,5287564
2020-02-13,227.598,229.209,225.828,222.745,4370194
2020-02-14,224.734,239.65,235.225,224.535,6035730
2020-02-17,239.232,250.121,239.998,238.656,6291551
2020-02-18,236.727,243.528,240.933,236.657,3852644
2020-02-19,237.671,240.625,233.485,232.689,6300096
2020-02-20,233.485,236.468,233.674,231.824,4846309
2020-02-21,231.844,241.022,238.994,228.781,6566427
2020-02-24,241.142,250.131,248.679,240.744,8136347
2020-02-25,249.594,263.009,257.927,246.69,8060033
2020-02-26,257.549,257.848,246.511,245.915,7981781
2020-02-27,247.108,249.495,243.727,241.39,6256184
2020-02-28,242.633,246.422,237.661,235.673,10482896
2020-03-02,244.622,246.114,241.609,238.666,6369642
2020-03-03,257.549,265.773,260.523,256.058,10375804
2020-03-04,262.521,262.521,255.57,250.36,6706507
2020-03-05,262.521,268.498,259.757,257.649,7061403
2020-03-06,253.572,267.99,262.024,253.154,5364503
2020-03-09,259.329,273.997,265.206,257.102,6685133
2020-03-10,262.521,266.051,257.728,245.676,9825141
2020-03-11,257.748,259.419,247.605,246.402,6894538
2020-03-12,254.248,254.357,242.832,239.65,8743952
2020-03-13,229.607,250.797,244.881,227.051,9625449
2020-03-16,248.6,258.951,239.223,236.667,10555219
2020-03-17,244.364,247.605,241.142,228.771,6852882
2020-03-18,242.633,244.016,233.187,232.888,7004055
2020-03-19,231.218,234.579,225.023,218.768,9398388
2020-03-20,228.811,236.577,234.678,226.723,8186446
2020-03-23,230.999,246.193,241.191,230.701,9236924
2020-03-24,248.6,248.6,241.838,238.516,6081519
2020-03-25,246.432,253.482,252.458,246.432,6096081
2020-03-26,253.383,268.985,267.195,250.807,9167436
2020-03-27,272.167,272.336,261.358,255.56,8082776
2020-03-30,263.516,271.819,257.241,256.107,8211091
2020-03-31,257.251,263.516,260.234,254.765,5928301
2020-04-01,261.527,262.322,253.403,252.17,6085613
2020-04-02,253.403,253.582,252.677,246.114,7454073
2020-04-03,252.677,259.538,255.441,251.662,7491107
2020-04-07,259.14,265.186,263.237,252.587,9773387
2020-04-08,261.984,270.079,265.485,259.289,6502577
2020-04-09,265.703,274.205,269.969,262.422,6893050
2020-04-10,265.504,265.723,259.946,258.395,7517188
2020-04-13,260.045,263.715,259.24,257.35,3526937
2020-04-14,261.557,262.124,259.538,257.052,5289963
2020-04-15,260.622,266.996,263.078,259.548,5321271
2020-04-16,260.483,262.521,261.03,255.66,4195003
2020-04-17,260.632,262.004,257.788,257.549,5583424
2020-04-20,258.544,267.99,264.46,258.544,6528449
2020-04-21,264.48,266.996,266.519,261.527,4329340
2020-04-22,265.286,271.729,271.093,260.612,4760527
2020-04-23,272.445,276.204,269.005,267.503,4256276
2020-04-24,269.015,270.775,264.182,263.864,3054412
2020-04-27,266.051,273.062,271.461,262.879,4144546
2020-04-28,271.729,274.474,272.565,266.499,3839108
2020-04-29,269.005,270.994,263.217,260.533,5342178
2020-04-30,262.511,262.521,254.864,253.572,7915627
2020-05-06,251.583,260.473,259.319,250.668,5646306
2020-05-07,261.825,264.5,263.217,258.335,3514292
2020-05-08,265.504,266.996,264.719,261.905,3662144
2020-05-11,266.996,267.444,258.643,257.052,5286092
2020-05-12,258.643,259.817,258.822,256.654,3829799
2020-05-13,259.538,267.096,265.693,258.822,5751904
2020-05-14,265.703,269.671,266.3,263.804,4663892
2020-05-15,267.8,267.8,260.18,257.0,5942658
2020-05-18,261.5,268.0,265.02,258.58,7512936
2020-05-19,267.91,270.38,269.73,265.01,6954673
2020-05-20,270.0,274.81,263.02,261.88,6424793
2020-05-21,266.8,288.58,283.01,265.77,12404400
2020-05-22,283.0,283.03,274.13,270.8,6677424
2020-05-25,275.0,280.28,279.0,269.15,4450190
2020-05-26,281.0,286.46,285.69,276.02,5120567
2020-05-27,284.5,287.0,276.95,275.1,4778661
2020-05-28,278.02,278.3,271.7,267.72,4509984
2020-05-29,271.1,278.8,278.8,269.1,4372258
2020-06-01,278.8,282.55,281.26,274.0,4309798
2020-06-02,279.9,280.99,275.66,273.3,4303336
2020-06-03,275.66,280.99,276.56,273.33,4404975
2020-06-04,276.58,277.3,274.2,270.8,4088741
2020-06-05,274.2,274.2,273.83,271.02,2991398
2020-06-08,274.8,275.6,270.95,269.66,5662901
2020-06-09,270.06,273.9,272.53,267.11,4286549
2020-06-10,271.1,275.98,273.83,270.96,3929857
2020-06-11,273.8,278.8,272.7,271.3,5074315
2020-06-12,269.5,279.18,277.9,269.01,7399224
2020-06-15,283.0,290.99,282.71,282.1,8036276
2020-06-16,287.99,289.5,286.83,284.0,5733369
2020-06-17,287.33,290.96,284.53,284.08,5820533
2020-06-18,284.88,285.6,279.74,278.0,5737672
2020-06-19,281.01,296.6,294.35,281.0,9244384
2020-06-22,297.0,302.95,297.6,294.4,6369536
2020-06-23,297.62,304.23,302.56,296.14,5254269
2020-06-24,303.01,307.79,299.19,295.13,6421208
2020-06-29,301.05,303.98,301.85,299.19,4308668
2020-06-30,303.62,309.94,305.7,302.52,4121335
2020-07-01,307.0,309.55,298.5,295.12,6255393
2020-07-02,295.1,298.87,290.58,287.95,8497713
2020-07-03,290.14,298.5,296.69,286.0,7061834
2020-07-06,296.43,296.43,291.37,289.2,10423984
2020-07-07,291.05,307.71,299.64,286.88,10601238
2020-07-08,303.54,307.07,301.22,299.65,6854313
2020-07-09,302.0,322.0,319.96,301.45,10909177
2020-07-10,319.96,324.98,318.67,316.06,5786772
2020-07-13,318.5,331.5,329.5,317.4,7196137
2020-07-14,328.98,334.9,326.41,320.0,5636547
2020-07-15,337.5,358.98,346.99,337.5,11860542
2020-07-16,351.96,351.96,330.7,327.01,8793394
2020-07-17,336.0,350.98,340.9,334.0,7748017
2020-07-20,343.95,349.86,338.0,330.01,6128635
2020-07-21,339.0,350.81,344.75,333.0,6136924
2020-07-22,344.75,355.0,348.3,342.71,5809012
2020-07-23,345.1,352.7,352.6,342.0,6007704
2020-07-24,349.0,350.0,332.39,328.51,7684418
2020-07-27,335.8,342.36,334.0,330.5,5214591
2020-07-28,339.0,339.99,339.99,330.48,3987251
2020-07-29,338.0,344.63,342.98,336.02,4290447
2020-07-30,343.8,346.95,338.15,337.01,4356356
2020-07-31,338.15,348.5,346.99,337.5,5860785
2020-08-03,346.99,347.98,344.96,342.0,5297224
2020-08-04,344.4,349.0,341.51,340.0,4404774
2020-08-05,339.91,345.37,344.32,338.0,3430015
2020-08-06,344.67,345.83,335.0,333.35,4962063
2020-08-07,334.0,337.8,327.37,320.0,5214976
2020-08-10,325.0,326.95,323.48,318.02,4792353
2020-08-11,325.0,329.85,316.5,316.5,4114208
2020-08-12,317.49,320.0,312.5,306.77,5251584
2020-08-13,316.0,316.58,313.0,312.0,3173930
2020-08-14,315.16,318.5,315.72,310.5,3063328
2020-08-17,315.0,316.68,314.0,306.9,4407451
2020-08-18,314.0,323.49,319.0,313.0,3874691
2020-08-19,318.5,318.8,309.0,309.0,3419135
2020-08-20,309.0,314.5,310.39,305.11,3086579
2020-08-21,314.01,321.77,317.72,311.23,4433972
2020-08-24,320.75,324.15,317.78,314.64,4478330
2020-08-25,317.77,325.32,322.1,315.19,4769740
2020-08-26,322.1,329.0,317.09,317.0,4523948
2020-08-27,317.28,328.5,327.3,317.28,3689098
2020-08-28,329.95,342.0,339.32,329.82,6748627
2020-08-31,343.0,349.5,342.45,337.3,4266210
2020-09-01,342.0,347.14,346.85,339.5,3618662
2020-09-02,350.0,350.5,347.3,341.86,3552521
2020-09-03,346.99,355.0,343.88,343.0,4354561
2020-09-04,343.0,345.0,336.0,331.78,4608305
2020-09-07,336.18,340.12,325.01,323.1,3987309
2020-09-08,325.04,332.28,328.9,322.0,3875931
2020-09-09,325.64,327.49,312.12,311.31,5844338
2020-09-10,315.0,327.56,318.11,314.63,4577556
2020-09-11,320.0,330.57,328.89,318.53,3401487
2020-09-14,334.6,341.9,336.83,330.6,5114929
2020-09-15,337.02,339.99,338.11,334.44,2868084
2020-09-16,340.19,340.99,328.11,326.0,3321843
2020-09-17,329.2,329.2,317.55,314.43,4939924
2020-09-18,320.51,323.98,323.85,314.8,3142034
2020-09-21,323.87,326.0,319.55,315.98,3190330
2020-09-22,321.9,340.88,337.0,319.03,6984017
2020-09-23,335.0,338.99,336.66,332.67,3061547
2020-09-24,333.9,334.96,330.91,330.0,3088763
2020-09-25,332.85,335.6,330.0,327.74,2198677
2020-09-28,330.0,334.6,330.49,327.41,2737742
2020-09-29,334.0,341.0,339.33,330.85,3954078
2020-09-30,339.34,352.66,348.0,339.31,4265405
2020-10-09,354.9,363.12,358.1,354.03,3928723
2020-10-12,361.0,376.8,376.6,361.0,5629997
2020-10-13,376.98,383.95,377.5,372.2,2782060
2020-10-14,373.74,382.0,382.0,372.88,3089847
2020-10-15,372.0,375.2,371.66,361.56,6111601
2020-10-16,371.5,380.6,375.5,371.21,3115480
2020-10-19,379.64,380.0,367.51,365.2,3734121
2020-10-20,371.5,374.5,372.0,367.57,2323778
2020-10-21,376.0,377.0,366.55,364.13,2570506
2020-10-22,366.06,369.0,365.62,360.0,2530373
2020-10-23,363.6,364.89,355.0,354.0,2996795
2020-10-26,352.01,363.0,363.0,349.02,2970680
2020-10-27,363.0,366.56,362.72,356.3,3096434
2020-10-28,365.49,377.8,374.0,362.01,4999459
2020-10-29,375.0,400.0,395.0,374.09,6458247
2020-10-30,390.4,395.49,386.8,384.15,4354441
2020-11-02,390.01,395.49,393.21,385.6,3626223
2020-11-03,392.0,409.29,405.31,391.0,4443168
2020-11-04,403.8,409.01,406.01,397.25,3597822
2020-11-05,408.23,408.31,390.82,383.38,7381527
2020-11-06,390.0,391.0,374.35,366.0,9046699
2020-11-09,377.02,383.0,379.99,370.0,5786528
2020-11-10,367.8,367.8,354.99,354.5,10631588
2020-11-11,357.4,358.5,349.2,347.76,6263994
2020-11-12,351.02,353.44,343.89,341.88,6527697
2020-11-13,343.4,346.3,343.85,340.29,5471938
2020-11-16,345.0,353.85,351.34,340.0,7342142
2020-11-17,351.0,351.19,339.31,334.11,6486120
2020-11-18,339.6,344.97,334.8,330.29,6785883
2020-11-19,337.7,345.7,343.83,331.88,5619870
2020-11-20,344.17,353.0,346.51,344.17,4109665
2020-11-23,347.8,353.0,348.5,342.6,3738806
2020-11-24,348.0,348.3,343.6,337.5,3708766
2020-11-25,340.0,340.54,324.02,324.02,8846450
2020-11-26,327.0,335.0,333.78,326.6,5212256
2020-11-27,338.0,344.53,338.61,335.5,3603107
2020-11-30,338.26,345.88,337.35,334.0,4783337
2020-12-01,339.7,342.71,341.1,335.9,6413100
2020-12-02,341.1,341.98,338.0,333.8,3746211
2020-12-03,338.9,346.01,344.99,336.65,5909160
2020-12-04,342.0,351.5,350.0,342.0,5031707
2020-12-07,348.8,348.92,345.62,337.8,4857058
2020-12-08,345.88,357.0,351.9,344.17,5087127
2020-12-09,352.5,354.89,343.13,343.0,3670367
2020-12-10,341.01,353.29,351.53,340.2,5214467
2020-12-11,354.6,364.34,355.7,352.4,5737247
2020-12-14,358.48,370.0,368.14,355.77,6167502
2020-12-15,369.0,379.57,378.0,366.58,5079880
2020-12-16,377.12,380.88,377.03,371.5,4058659
2020-12-17,377.5,388.5,381.51,373.51,4669039
2020-12-18,380.92,384.99,378.07,374.01,3125606
2020-12-21,380.0,396.0,396.0,376.68,5003881
2020-12-22,396.0,397.0,387.51,387.51,3536765
2020-12-23,388.0,393.78,388.31,381.05,4335024
2020-12-24,384.96,393.5,389.45,384.05,2510686
2020-12-25,388.0,405.01,402.5,388.0,4576482
2020-12-28,400.0,407.49,399.4,397.0,3214763
2020-12-29,401.0,403.0,401.6,390.16,3126029
2020-12-30,401.59,420.0,418.06,398.07,5315347
2020-12-31,418.13,428.0,426.0,415.5,3968288
2021-01-04,425.13,449.99,433.88,424.2,5551472
2021-01-05,429.0,444.8,436.02,426.02,4844758
2021-01-06,437.0,455.5,449.8,437.0,5406575
2021-01-07,449.55,457.18,455.99,445.9,4426515
2021-01-08,462.35,468.26,449.9,440.13,6064080
2021-01-11,450.0,469.0,453.2,444.26,5454220
2021-01-12,454.5,460.6,460.0,440.18,4946896
2021-01-13,456.1,458.0,433.41,431.02,8126401
2021-01-14,431.01,437.3,425.99,424.75,5116777
2021-01-15,430.0,445.0,441.98,425.01,6103520
2021-01-18,441.6,447.0,439.77,433.25,3904236
2021-01-19,438.37,441.03,425.91,421.0,5185147
2021-01-20,428.0,449.5,444.55,423.06,4958191
2021-01-21,450.0,463.51,456.91,450.0,5346017
2021-01-22,452.0,480.0,478.18,452.0,5686844
2021-01-25,479.0,496.0,488.0,479.0,5848471
2021-01-26,480.0,484.9,453.22,447.0,7904224
2021-01-27,453.21,463.3,454.7,436.0,5435836
2021-01-28,438.11,458.72,443.45,438.11,3211070
2021-01-29,450.0,462.49,448.39,441.67,3888574
2021-02-01,450.8,464.0,460.1,449.0,3671609
2021-02-02,460.57,463.86,459.95,440.0,4863885
2021-02-03,458.5,468.1,460.4,454.36,3365403
2021-02-04,456.03,472.78,459.11,450.2,3886122
2021-02-05,463.0,490.0,483.41,459.03,4157770
2021-02-08,482.28,487.42,487.42,462.1,4951440
2021-02-09,486.04,493.0,491.61,476.5,3369716
2021-02-10,491.88,500.54,494.55,480.01,4419907
2021-02-18,500.51,503.51,466.5,460.0,6221799
2021-02-19,464.2,467.04,461.64,445.01,5106974
2021-02-22,461.65,461.7,439.0,437.02,7413460
2021-02-23,430.1,443.85,432.65,426.01,5332240
2021-02-24,435.0,437.98,418.97,418.0,3560262
2021-02-25,426.5,431.88,420.5,418.05,4351790
2021-02-26,412.5,425.0,418.0,403.75,4923812
2021-03-01,424.2,427.99,422.7,406.53,4266353
2021-03-02,427.0,431.4,404.18,403.6,6102975
2021-03-03,402.01,410.98,404.77,398.0,5613927
2021-03-04,401.01,403.0,385.37,383.73,7155089
2021-03-05,377.0,391.81,386.0,372.0,5782954
2021-03-08,388.82,391.78,357.32,357.32,6898374
2021-03-09,357.05,367.0,348.22,346.5,7503987
2021-03-10,363.0,374.85,367.93,361.0,7049732
2021-03-11,370.17,385.0,372.0,367.04,5896457
2021-03-12,374.0,385.02,384.03,371.0,5377074
2021-03-15,379.0,379.0,361.11,354.0,6957268
2021-03-16,365.0,368.0,366.0,358.0,3884632
2021-03-17,365.05,373.0,368.21,354.95,3984666
2021-03-18,374.0,384.71,379.95,370.26,3972531
2021-03-19,371.76,373.0,361.0,355.0,5424643
2021-03-22,360.15,368.99,361.2,357.44,3739860
2021-03-23,361.5,377.25,366.66,360.11,3935707
